analysis,ageing_definition,model,variant,matched_keys,matlab_only,stata_only,sample_keys_match
baseline,EMP,fe,stata,2993,0,0,1
baseline,EMP,pooled_ageing,ols_hc1,5089,0,0,1
baseline,EMP,pooled_ageing,rreg,5089,0,0,1
baseline,EMP,pooled_controls,ols_hc1,5089,0,0,1
baseline,EMP,pooled_controls,rreg,5089,0,0,1
baseline,LF,fe,stata,2993,0,0,1
baseline,LF,pooled_ageing,ols_hc1,5089,0,0,1
baseline,LF,pooled_ageing,rreg,5089,0,0,1
baseline,LF,pooled_controls,ols_hc1,5089,0,0,1
baseline,LF,pooled_controls,rreg,5089,0,0,1
endogeneity,EMP,control_function,stata,2815,0,0,1
endogeneity,LF,control_function,stata,2815,0,0,1
first_stage,EMP,first_stage,stata,2815,0,0,1
first_stage,LF,first_stage,stata,2815,0,0,1
identification,EMP,country_year,stata,2993,0,0,1
identification,EMP,region_trends,stata,2993,0,0,1
identification,LF,country_year,stata,2993,0,0,1
identification,LF,region_trends,stata,2993,0,0,1
iv,EMP,fe_2sls,stata,2815,0,0,1
iv,EMP,fe_2sls,stata_default,2815,0,0,1
iv,EMP,same_sample_ols,stata,2815,0,0,1
iv,LF,fe_2sls,stata,2815,0,0,1
iv,LF,fe_2sls,stata_default,2815,0,0,1
iv,LF,same_sample_ols,stata,2815,0,0,1
robustness,EMP,baseline_2011_220_10,stata,2993,0,0,1
robustness,EMP,later_2013_220_10,stata,2553,0,0,1
robustness,EMP,stricter_2011_230_10,stata,2330,0,0,1
robustness,LF,baseline_2011_220_10,stata,2993,0,0,1
robustness,LF,later_2013_220_10,stata,2553,0,0,1
robustness,LF,stricter_2011_230_10,stata,2330,0,0,1
