analysis,ageing_definition,model,variant,matlab_beta,stata_beta,beta_difference,matlab_se,stata_se,se_difference,matlab_n,stata_n,sample_match,matlab_regions,stata_regions,matlab_years,stata_years,classification,notes,term,stata_t,stata_p,year_min,year_max,model_rank,test_df,r2_overall,adj_r2_overall,rmse_residual,first_stage_F,cluster_multiplier,matlab_p,matlab_F,source,matched_keys,matlab_only,stata_only,sample_keys_match,p_difference,F_difference,beta_match,se_match,p_match,F_match,expected_default_se
baseline,EMP,fe,stata,-.490441225524577,-.4904412255245774,-4.44089209850e-16,.0732866414890713,.0732866414888053,-2.66037192276e-13,2993,2993,1,233,233,13,13,exact / numerical rounding,Main single-pass coverage sample; conventional standard errors.,aging_emp_55_64,-6.692095797560783,2.65724957763e-11,2011,2023,250,2743,.9950963047409302,.9946511643400886,.0442244986003234,,,2.65724957806e-11,,original: results/paper_main_results.csv,2993,0,0,1,-4.31760814771e-21,,1,1,1,1,
baseline,EMP,pooled_ageing,ols_hc1,2.91310831527357,2.873577329831934,-.0395309854416359,.200915222355074,.1849543849901278,-.0159608373649462,5089,5089,1,243,243,23,23,expected estimator difference,Standard OLS with HC1 standard errors; separate from the published robust-fit estimator.,aging_emp_55_64,15.53668127406288,3.21853015533e-53,2001,2023,2,5087,.0412105848461666,.0410221064865924,.6136713889414884,,,1.03579930918e-46,,original: results/paper_main_results.csv,5089,0,0,1,-1.03579898732e-46,,0,0,1,1,
baseline,EMP,pooled_ageing,rreg,2.91310831527357,2.773327185882378,-.1397811293911917,.200915222355074,.2081114178229106,.0071961954678366,5089,5089,1,243,243,23,23,expected estimator difference,"Stata rreg: Cook screening, Huber then biweight; distinct from MATLAB fitlm bisquare.",aging_emp_55_64,13.32616544971262,7.54456855292e-40,2001,2023,2,5087,.0173261352672464,.0171329617141242,.6212679691197719,,,1.03579930918e-46,,original: results/paper_main_results.csv,5089,0,0,1,7.54456751712e-40,,0,0,1,1,
baseline,EMP,pooled_controls,ols_hc1,-.392089795566122,-.2718473816411661,.1202424139249559,.099876191804092,.0990275470432306,-.0008486447608614,5089,5089,1,243,243,23,23,expected estimator difference,Standard OLS with HC1 standard errors; separate from the published robust-fit estimator.,aging_emp_55_64,-2.745169296402857,.006069226867406,2001,2023,6,5083,.7893557445619606,.7891485399038471,.287753015950549,,,.000087600462146,,original: results/paper_main_results.csv,5089,0,0,1,.0059816264052601,,0,0,0,1,
baseline,EMP,pooled_controls,rreg,-.392089795566122,-.4108391882153002,-.0187493926491782,.099876191804092,.1000203147819188,.0001441229778268,5089,5089,1,243,243,23,23,expected estimator difference,"Stata rreg: Cook screening, Huber then biweight; distinct from MATLAB fitlm bisquare.",aging_emp_55_64,-4.107557440816712,.0000406149658044,2001,2023,6,5083,.7848885130138832,.7846769140693759,.290788264496682,,,.000087600462146,,original: results/paper_main_results.csv,5089,0,0,1,-.0000469854963416,,0,0,0,1,
baseline,LF,fe,stata,-.635149508385817,-.6351495083857516,6.53921361504e-14,.0760884829066204,.0760884829062944,-3.25961480030e-13,2993,2993,1,233,233,13,13,exact / numerical rounding,Main single-pass coverage sample; conventional standard errors.,aging_lf_55_64,-8.347511793183731,1.09078436276e-16,2011,2023,250,2743,.9951397104297931,.994698510246424,.0440283341248804,,,1.09078436307e-16,,original: results/paper_main_results.csv,2993,0,0,1,-3.13171862916e-26,,1,1,1,1,
baseline,LF,pooled_ageing,ols_hc1,3.34713411019815,3.25770077913751,-.0894333310606403,.20120572724296,.1871559862899516,-.0140497409530084,5089,5089,1,243,243,23,23,expected estimator difference,Standard OLS with HC1 standard errors; separate from the published robust-fit estimator.,aging_lf_55_64,17.4063402604206,5.83065538747e-66,2001,2023,2,5087,.0519197334099412,.0517333602496129,.6102345798284027,,,1.49955136478e-60,,original: results/paper_main_results.csv,5089,0,0,1,-1.49954553412e-60,,0,0,1,1,
baseline,LF,pooled_ageing,rreg,3.34713411019815,3.293533429565785,-.0536006806323654,.20120572724296,.2074166685170786,.0062109412741186,5089,5089,1,243,243,23,23,expected estimator difference,"Stata rreg: Cook screening, Huber then biweight; distinct from MATLAB fitlm bisquare.",aging_lf_55_64,15.87882716038608,1.87346156935e-55,2001,2023,2,5087,.0340556690385817,.0338657841691181,.6159568783341975,,,1.49955136478e-60,,original: results/paper_main_results.csv,5089,0,0,1,1.87344657383e-55,,0,0,1,1,
baseline,LF,pooled_controls,ols_hc1,-.274326259063504,-.1424941422485629,.1318321168149411,.102206244462797,.1019211532571947,-.0002850912056023,5089,5089,1,243,243,23,23,expected estimator difference,Standard OLS with HC1 standard errors; separate from the published robust-fit estimator.,aging_lf_55_64,-1.398082122255658,.1621494081379178,2001,2023,6,5083,.7891311085656267,.7889236829395847,.2879064083636576,,,.0072972902072597,,original: results/paper_main_results.csv,5089,0,0,1,.1548521179306581,,0,0,0,1,
baseline,LF,pooled_controls,rreg,-.274326259063504,-.2963500840746042,-.0220238250111002,.102206244462797,.1023595846322753,.0001533401694783,5089,5089,1,243,243,23,23,expected estimator difference,"Stata rreg: Cook screening, Huber then biweight; distinct from MATLAB fitlm bisquare.",aging_lf_55_64,-2.895186465822773,.0038054791806556,2001,2023,6,5083,.7847578344871036,.7845461069979113,.2908765768717024,,,.0072972902072597,,original: results/paper_main_results.csv,5089,0,0,1,-.0034918110266041,,0,0,0,1,
endogeneity,EMP,control_function,stata,.99213088334338,.9921308833426895,-6.90447699014e-13,.361352862227691,.3613528599456846,-2.28200641716e-09,2815,2815,1,226,226,13,13,exact / numerical rounding,Clustered control-function test; does not establish instrument validity.,vhat,2.745601303644914,.0065282514092464,2011,2023,244,225,.9958483769742922,.9954559831994003,.0394696323945905,321.9719869928037,1.099380267081551,.006528251742806,,fresh MATLAB analysis: endogeneity_test_summary.csv,2815,0,0,1,-3.33559629570e-10,,1,1,1,1,.3446335314851219
endogeneity,LF,control_function,stata,.839593409578106,.8395934095772523,-8.53761505937e-13,.372631691108029,.3726316868798067,-4.22822227231e-09,2815,2815,1,226,226,13,13,exact / numerical rounding,Clustered control-function test; does not establish instrument validity.,vhat,2.253145503023378,.0252141702759734,2011,2023,244,225,.9958621835304093,.99547109469256,.039403948021719,307.4736315462565,1.099380267081551,.0252141719132026,,fresh MATLAB analysis: endogeneity_test_summary.csv,2815,0,0,1,-1.63722918903e-09,,1,1,1,1,.355390503504339
first_stage,EMP,first_stage,stata,.586806707421812,.5868067074218449,3.29736238314e-14,.0327028819201042,.032702881859813,-6.02911956471e-11,2815,2815,1,226,226,13,13,exact / numerical rounding,One excluded IV; clustered F equals t squared.,iv_ageing_pred_lag10,17.94357787602026,2.74520055513e-45,2011,2023,243,225,.9314124334859811,.9249590154858285,.0095026119708777,321.9719869928037,1.098952825298082,0,321.97198580559,original: results/paper_iv_first_stage_results.csv,2815,0,0,1,2.74520055513e-45,1.18721368381e-06,1,1,1,1,.031195826861822
first_stage,LF,first_stage,stata,.57826031273412,.5782603127341361,1.60982338571e-14,.0329776305965393,.0329776305366795,-5.98598046131e-11,2815,2815,1,226,226,13,13,exact / numerical rounding,One excluded IV; clustered F equals t squared.,iv_ageing_pred_lag10,17.53492604906723,5.69139462910e-44,2011,2023,243,225,.9396593637807645,.9339819011193902,.0089461891256453,307.4736315462565,1.098952825298082,0,307.47363043001,original: results/paper_iv_first_stage_results.csv,2815,0,0,1,5.69139462910e-44,1.11624649435e-06,1,1,1,1,.0314579142265235
identification,EMP,country_year,stata,-.189188593368705,-.1891885933689973,-2.92266211233e-13,.126831291896178,.1268312913021148,-5.94063215287e-10,2993,2993,1,233,233,13,13,exact / numerical rounding,Region and country-year FE; redundant indicators omitted; t(G-1).,aging_emp_55_64,-1.491655500994199,.1371479585723155,2011,2023,557,232,.9979114420718345,.9974347433000528,.0306265943069821,,1.233537172300549,.137147960404417,,original: results/paper_identification_results.csv,2993,0,0,1,-1.83210155380e-09,,1,1,1,1,.114195843169307
identification,EMP,region_trends,stata,.107202515472652,.1072025154724451,-2.06931694002e-13,.105619647358083,.1056196464543696,-9.03713368028e-10,2993,2993,1,233,233,13,13,exact / numerical rounding,Region and year FE plus centered region trends; region-clustered; t(G-1).,aging_emp_55_64,1.014986501765647,.3111695977927006,2011,2023,482,232,.9984230524802384,.9981209769099456,.0262119510876789,,1.196693170738406,.311169601922655,,original: results/paper_identification_results.csv,2993,0,0,1,-4.12995443400e-09,,1,1,1,1,.0965502286983384
identification,LF,country_year,stata,-.209068030152544,-.2090680301527896,-2.45636844198e-13,.136748317494357,.136748319282843,1.78848602594e-09,2993,2993,1,233,233,13,13,exact / numerical rounding,Region and country-year FE; redundant indicators omitted; t(G-1).,aging_lf_55_64,-1.528852648787327,.127663247367816,2011,2023,557,232,.9979117552662699,.9974351279789325,.0306242978807225,,1.233537172300549,.127663242411365,,original: results/paper_identification_results.csv,2993,0,0,1,4.95645094412e-09,,1,1,1,1,.1231248943757135
identification,LF,region_trends,stata,.137672221375169,.1376722213750451,-1.23928645124e-13,.124535980784871,.1245359808838738,9.90028059533e-11,2993,2993,1,233,233,13,13,exact / numerical rounding,Region and year FE plus centered region trends; region-clustered; t(G-1).,aging_lf_55_64,1.105481487341561,.2700960940143585,2011,2023,482,232,.9984236325372176,.9981216680809856,.0262071298037077,,1.196693170738406,.270096093634088,,original: results/paper_identification_results.csv,2993,0,0,1,3.80270537281e-10,,1,1,1,1,.1138422417297627
iv,EMP,fe_2sls,stata,-1.10406607667118,-1.104066079582944,-2.91176349698e-09,.327451287098908,.3274512866826125,-4.16295498074e-10,2815,2815,1,226,226,13,13,exact / numerical rounding,ivregress small: MATLAB finite-sample cluster correction; t(225).,aging_emp_55_64,-3.371695652101919,.0008792806452123,2011,2023,243,225,.9956114117777414,.9951984886246361,.0405725307795435,,1.098952825298082,.0008792806852405,,original: results/paper_iv_second_stage_results.csv,2815,0,0,1,-4.00281611242e-11,,1,1,1,1,.3123612678226544
iv,EMP,fe_2sls,stata_default,-1.10406607667118,-1.104066079582944,-2.91176349698e-09,.327451287098908,.3123612674255432,-.0150900196733648,2815,2815,1,226,226,13,13,expected SE correction difference,Default ivregress: unadjusted cluster covariance and normal inference.,aging_emp_55_64,-3.534580611362506,.0004084228345872,2011,2023,243,,.9956114117777414,.9951984886246361,.0405725307795435,,1,.0008792806852405,,original: results/paper_iv_second_stage_results.csv,2815,0,0,1,-.0004708578506532,,1,0,0,1,.3123612678226544
iv,EMP,same_sample_ols,stata,-.438441020917852,-.4384410209176659,1.86073378927e-13,.139510427224742,.1395104280465881,8.21846091181e-10,2815,2815,1,226,226,13,13,exact / numerical rounding,FE OLS on the exact IV complete-case sample.,aging_emp_55_64,-3.142711459327277,.0018990647815942,2011,2023,243,225,.9957703927907345,.9953724281932842,.0398308615681257,,1.098952825298082,.0018990646665928,,original: results/paper_iv_second_stage_results.csv,2815,0,0,1,1.15001317930e-10,,1,1,1,1,.1330813334358273
iv,LF,fe_2sls,stata,-1.12038362379014,-1.120383617324364,6.46577569263e-09,.327640513357316,.3276405129365605,-4.20755486008e-10,2815,2815,1,226,226,13,13,exact / numerical rounding,ivregress small: MATLAB finite-sample cluster correction; t(225).,aging_lf_55_64,-3.419551530067647,.0007446265122344,2011,2023,243,225,.9957117741824898,.9953082941483383,.0401059220482704,,1.098952825298082,.0007446264723345,,original: results/paper_iv_second_stage_results.csv,2815,0,0,1,3.98998807084e-11,,1,1,1,1,.3125417739202341
iv,LF,fe_2sls,stata_default,-1.12038362379014,-1.120383617324364,6.46577569263e-09,.327640513357316,.3125417735188684,-.0150987398384476,2815,2815,1,226,226,13,13,expected SE correction difference,Default ivregress: unadjusted cluster covariance and normal inference.,aging_lf_55_64,-3.58474838326444,.0003374033301398,2011,2023,243,,.9957117741824898,.9953082941483383,.0401059220482704,,1,.0007446264723345,,original: results/paper_iv_second_stage_results.csv,2815,0,0,1,-.0004072231421947,,1,0,0,1,.3125417739202341
iv,LF,same_sample_ols,stata,-.574284306908576,-.5742843069082936,2.82440737465e-13,.153553052982133,.1535530526493394,-3.32793625990e-10,2815,2815,1,226,226,13,13,exact / numerical rounding,FE OLS on the exact IV complete-case sample.,aging_lf_55_64,-3.739973234005024,.0002335478036012,2011,2023,243,225,.9958096053948861,.9954153303192882,.0396457960727653,,1.098952825298082,.000233547810687,,original: results/paper_iv_second_stage_results.csv,2815,0,0,1,-7.08579148048e-12,,1,1,1,1,.1464768293705029
robustness,EMP,baseline_2011_220_10,stata,-.490441225524573,-.4904412255245774,-4.44089209850e-15,.136522502898357,.1365225028983518,-5.19029264012e-15,2993,2993,1,233,233,13,13,exact / numerical rounding,Region-clustered OLS; common iterative coverage sample; t(G-1).,aging_emp_55_64,-3.592383783717595,.0004000088526345,2011,2023,250,232,.9950963047409302,.9946511643400886,.0442244986003234,,1.09547814499604,.0004000088526348,,original: results/paper_robustness_results.csv,2993,0,0,1,-3.13171797522e-16,,1,1,1,1,.1304374748999683
robustness,EMP,later_2013_220_10,stata,-.546326246215679,-.5463262462158746,-1.95510274636e-13,.146263684163501,.1462636841634808,-2.01505478969e-14,2553,2553,1,233,233,11,11,exact / numerical rounding,Region-clustered OLS; common iterative coverage sample; t(G-1).,aging_emp_55_64,-3.735214584129021,.0002361117037752,2013,2023,248,232,.9953714725991419,.9948754872334101,.0430775979107093,,1.111930585683297,.0002361117037768,,original: results/paper_robustness_results.csv,2553,0,0,1,-1.62025883162e-15,,1,1,1,1,.1387067737015839
robustness,EMP,stricter_2011_230_10,stata,-.528309869222731,-.5283098692228893,-1.58206781009e-13,.151221676657436,.1512216766574206,-1.54321000423e-14,2330,2330,1,233,233,10,10,exact / numerical rounding,Region-clustered OLS; common iterative coverage sample; t(G-1).,aging_emp_55_64,-3.493612033013818,.0005705753575626,2014,2023,247,232,.9958825143128164,.9953962437995916,.040695726068099,,1.122918287615674,.0005705753575656,,original: results/paper_robustness_results.csv,2330,0,0,1,-2.96811186740e-15,,1,1,1,1,.1427052568597451
robustness,LF,baseline_2011_220_10,stata,-.63514950838582,-.6351495083857516,6.83897383169e-14,.149625818727114,.1496258187271032,-1.07969189145e-14,2993,2993,1,233,233,13,13,exact / numerical rounding,Region-clustered OLS; common iterative coverage sample; t(G-1).,aging_lf_55_64,-4.244919184329921,.0000316397123356,2011,2023,250,232,.9951397104297931,.994698510246424,.0440283341248804,,1.09547814499604,.0000316397123354,,original: results/paper_robustness_results.csv,2993,0,0,1,1.26607708692e-16,,1,1,1,1,.1429567548225782
robustness,LF,later_2013_220_10,stata,-.707284836471723,-.7072848364719798,-2.56794585596e-13,.160080434661144,.1600804346611537,9.65894031424e-15,2553,2553,1,233,233,11,11,exact / numerical rounding,Region-clustered OLS; common iterative coverage sample; t(G-1).,aging_lf_55_64,-4.418309070493891,.0000152708817701,2013,2023,248,232,.9954181901063168,.9949272109116358,.0428596471691292,,1.111930585683297,.0000152708817702,,original: results/paper_robustness_results.csv,2553,0,0,1,-1.50070521331e-16,,1,1,1,1,.151809663154481
robustness,LF,stricter_2011_230_10,stata,-.666107399902313,-.6661073999024963,-1.83297821366e-13,.162681880782237,.1626818807822134,-2.36477504245e-14,2330,2330,1,233,233,10,10,exact / numerical rounding,Region-clustered OLS; common iterative coverage sample; t(G-1).,aging_lf_55_64,-4.094539580558651,.0000584403294228,2014,2023,247,232,.9959168062453877,.9954345855715353,.0405259072762913,,1.122918287615674,.0000584403294233,,original: results/paper_robustness_results.csv,2330,0,0,1,-4.38044782738e-16,,1,1,1,1,.1535200514675287
