analysis,ageing_definition,model,variant,term,stata_beta,stata_se,stata_t,stata_p,stata_n,stata_regions,stata_years,year_min,year_max,model_rank,test_df,r2_overall,adj_r2_overall,rmse_residual,first_stage_F,cluster_multiplier,notes
baseline,EMP,fe,stata,aging_emp_55_64,-.4904412255245774,.0732866414888053,-6.692095797560783,2.65724957763e-11,2993,233,13,2011,2023,250,2743,.9950963047409302,.9946511643400886,.0442244986003234,,,Main single-pass coverage sample; conventional standard errors.
baseline,EMP,pooled_ageing,ols_hc1,aging_emp_55_64,2.873577329831934,.1849543849901278,15.53668127406288,3.21853015533e-53,5089,243,23,2001,2023,2,5087,.0412105848461666,.0410221064865924,.6136713889414884,,,Standard OLS with HC1 standard errors; separate from the published robust-fit estimator.
baseline,EMP,pooled_ageing,rreg,aging_emp_55_64,2.773327185882378,.2081114178229106,13.32616544971262,7.54456855292e-40,5089,243,23,2001,2023,2,5087,.0173261352672464,.0171329617141242,.6212679691197719,,,"Stata rreg: Cook screening, Huber then biweight; distinct from MATLAB fitlm bisquare."
baseline,EMP,pooled_controls,ols_hc1,aging_emp_55_64,-.2718473816411661,.0990275470432306,-2.745169296402857,.006069226867406,5089,243,23,2001,2023,6,5083,.7893557445619606,.7891485399038471,.287753015950549,,,Standard OLS with HC1 standard errors; separate from the published robust-fit estimator.
baseline,EMP,pooled_controls,rreg,aging_emp_55_64,-.4108391882153002,.1000203147819188,-4.107557440816712,.0000406149658044,5089,243,23,2001,2023,6,5083,.7848885130138832,.7846769140693759,.290788264496682,,,"Stata rreg: Cook screening, Huber then biweight; distinct from MATLAB fitlm bisquare."
baseline,LF,fe,stata,aging_lf_55_64,-.6351495083857516,.0760884829062944,-8.347511793183731,1.09078436276e-16,2993,233,13,2011,2023,250,2743,.9951397104297931,.994698510246424,.0440283341248804,,,Main single-pass coverage sample; conventional standard errors.
baseline,LF,pooled_ageing,ols_hc1,aging_lf_55_64,3.25770077913751,.1871559862899516,17.4063402604206,5.83065538747e-66,5089,243,23,2001,2023,2,5087,.0519197334099412,.0517333602496129,.6102345798284027,,,Standard OLS with HC1 standard errors; separate from the published robust-fit estimator.
baseline,LF,pooled_ageing,rreg,aging_lf_55_64,3.293533429565785,.2074166685170786,15.87882716038608,1.87346156935e-55,5089,243,23,2001,2023,2,5087,.0340556690385817,.0338657841691181,.6159568783341975,,,"Stata rreg: Cook screening, Huber then biweight; distinct from MATLAB fitlm bisquare."
baseline,LF,pooled_controls,ols_hc1,aging_lf_55_64,-.1424941422485629,.1019211532571947,-1.398082122255658,.1621494081379178,5089,243,23,2001,2023,6,5083,.7891311085656267,.7889236829395847,.2879064083636576,,,Standard OLS with HC1 standard errors; separate from the published robust-fit estimator.
baseline,LF,pooled_controls,rreg,aging_lf_55_64,-.2963500840746042,.1023595846322753,-2.895186465822773,.0038054791806556,5089,243,23,2001,2023,6,5083,.7847578344871036,.7845461069979113,.2908765768717024,,,"Stata rreg: Cook screening, Huber then biweight; distinct from MATLAB fitlm bisquare."
endogeneity,EMP,control_function,stata,vhat,.9921308833426895,.3613528599456846,2.745601303644914,.0065282514092464,2815,226,13,2011,2023,244,225,.9958483769742922,.9954559831994003,.0394696323945905,321.9719869928037,1.099380267081551,Clustered control-function test; does not establish instrument validity.
endogeneity,LF,control_function,stata,vhat,.8395934095772523,.3726316868798067,2.253145503023378,.0252141702759734,2815,226,13,2011,2023,244,225,.9958621835304093,.99547109469256,.039403948021719,307.4736315462565,1.099380267081551,Clustered control-function test; does not establish instrument validity.
first_stage,EMP,first_stage,stata,iv_ageing_pred_lag10,.5868067074218449,.032702881859813,17.94357787602026,2.74520055513e-45,2815,226,13,2011,2023,243,225,.9314124334859811,.9249590154858285,.0095026119708777,321.9719869928037,1.098952825298082,One excluded IV; clustered F equals t squared.
first_stage,LF,first_stage,stata,iv_ageing_pred_lag10,.5782603127341361,.0329776305366795,17.53492604906723,5.69139462910e-44,2815,226,13,2011,2023,243,225,.9396593637807645,.9339819011193902,.0089461891256453,307.4736315462565,1.098952825298082,One excluded IV; clustered F equals t squared.
identification,EMP,country_year,stata,aging_emp_55_64,-.1891885933689973,.1268312913021148,-1.491655500994199,.1371479585723155,2993,233,13,2011,2023,557,232,.9979114420718345,.9974347433000528,.0306265943069821,,1.233537172300549,Region and country-year FE; redundant indicators omitted; t(G-1).
identification,EMP,region_trends,stata,aging_emp_55_64,.1072025154724451,.1056196464543696,1.014986501765647,.3111695977927006,2993,233,13,2011,2023,482,232,.9984230524802384,.9981209769099456,.0262119510876789,,1.196693170738406,Region and year FE plus centered region trends; region-clustered; t(G-1).
identification,LF,country_year,stata,aging_lf_55_64,-.2090680301527896,.136748319282843,-1.528852648787327,.127663247367816,2993,233,13,2011,2023,557,232,.9979117552662699,.9974351279789325,.0306242978807225,,1.233537172300549,Region and country-year FE; redundant indicators omitted; t(G-1).
identification,LF,region_trends,stata,aging_lf_55_64,.1376722213750451,.1245359808838738,1.105481487341561,.2700960940143585,2993,233,13,2011,2023,482,232,.9984236325372176,.9981216680809856,.0262071298037077,,1.196693170738406,Region and year FE plus centered region trends; region-clustered; t(G-1).
iv,EMP,fe_2sls,stata,aging_emp_55_64,-1.104066079582944,.3274512866826125,-3.371695652101919,.0008792806452123,2815,226,13,2011,2023,243,225,.9956114117777414,.9951984886246361,.0405725307795435,,1.098952825298082,ivregress small: MATLAB finite-sample cluster correction; t(225).
iv,EMP,fe_2sls,stata_default,aging_emp_55_64,-1.104066079582944,.3123612674255432,-3.534580611362506,.0004084228345872,2815,226,13,2011,2023,243,,.9956114117777414,.9951984886246361,.0405725307795435,,1,Default ivregress: unadjusted cluster covariance and normal inference.
iv,EMP,same_sample_ols,stata,aging_emp_55_64,-.4384410209176659,.1395104280465881,-3.142711459327277,.0018990647815942,2815,226,13,2011,2023,243,225,.9957703927907345,.9953724281932842,.0398308615681257,,1.098952825298082,FE OLS on the exact IV complete-case sample.
iv,LF,fe_2sls,stata,aging_lf_55_64,-1.120383617324364,.3276405129365605,-3.419551530067647,.0007446265122344,2815,226,13,2011,2023,243,225,.9957117741824898,.9953082941483383,.0401059220482704,,1.098952825298082,ivregress small: MATLAB finite-sample cluster correction; t(225).
iv,LF,fe_2sls,stata_default,aging_lf_55_64,-1.120383617324364,.3125417735188684,-3.58474838326444,.0003374033301398,2815,226,13,2011,2023,243,,.9957117741824898,.9953082941483383,.0401059220482704,,1,Default ivregress: unadjusted cluster covariance and normal inference.
iv,LF,same_sample_ols,stata,aging_lf_55_64,-.5742843069082936,.1535530526493394,-3.739973234005024,.0002335478036012,2815,226,13,2011,2023,243,225,.9958096053948861,.9954153303192882,.0396457960727653,,1.098952825298082,FE OLS on the exact IV complete-case sample.
robustness,EMP,baseline_2011_220_10,stata,aging_emp_55_64,-.4904412255245774,.1365225028983518,-3.592383783717595,.0004000088526345,2993,233,13,2011,2023,250,232,.9950963047409302,.9946511643400886,.0442244986003234,,1.09547814499604,Region-clustered OLS; common iterative coverage sample; t(G-1).
robustness,EMP,later_2013_220_10,stata,aging_emp_55_64,-.5463262462158746,.1462636841634808,-3.735214584129021,.0002361117037752,2553,233,11,2013,2023,248,232,.9953714725991419,.9948754872334101,.0430775979107093,,1.111930585683297,Region-clustered OLS; common iterative coverage sample; t(G-1).
robustness,EMP,stricter_2011_230_10,stata,aging_emp_55_64,-.5283098692228893,.1512216766574206,-3.493612033013818,.0005705753575626,2330,233,10,2014,2023,247,232,.9958825143128164,.9953962437995916,.040695726068099,,1.122918287615674,Region-clustered OLS; common iterative coverage sample; t(G-1).
robustness,LF,baseline_2011_220_10,stata,aging_lf_55_64,-.6351495083857516,.1496258187271032,-4.244919184329921,.0000316397123356,2993,233,13,2011,2023,250,232,.9951397104297931,.994698510246424,.0440283341248804,,1.09547814499604,Region-clustered OLS; common iterative coverage sample; t(G-1).
robustness,LF,later_2013_220_10,stata,aging_lf_55_64,-.7072848364719798,.1600804346611537,-4.418309070493891,.0000152708817701,2553,233,11,2013,2023,248,232,.9954181901063168,.9949272109116358,.0428596471691292,,1.111930585683297,Region-clustered OLS; common iterative coverage sample; t(G-1).
robustness,LF,stricter_2011_230_10,stata,aging_lf_55_64,-.6661073999024963,.1626818807822134,-4.094539580558651,.0000584403294228,2330,233,10,2014,2023,247,232,.9959168062453877,.9954345855715353,.0405259072762913,,1.122918287615674,Region-clustered OLS; common iterative coverage sample; t(G-1).
